reniform_size,claviform_size,orbicular_size
18.396846589237757,9.383858446063762,3.07191318226197
17.25566898004085,8.03794088927869,3.9494954353421954
19.005888752628422,7.842777936076198,3.311098069171912
19.15701104294286,9.636823686207276,2.6911042850155202
18.83470012206091,9.302617154168951,2.9897983143764657
17.20963895589542,6.000708964470735,4.586360560346533
17.962847609901694,8.447359459677267,3.576169299495122
19.80119836134704,5.59345012598293,3.5108532484088113
18.00936779189103,6.85791382176779,4.081690734271133
18.00929410373045,7.647021537529906,3.8852199152269007
19.13746899493978,6.496833736882596,3.6336415338617436
17.063367894867206,9.788535093316224,3.6176960197749137
18.2849933720624,7.994192261611131,3.6449203359925275
16.45297462833831,8.203671265389449,4.44007831114709
19.08841668589362,6.98205343321865,3.5195171968625134
19.125521255120912,6.764010838442813,3.5011049133009484
18.643030068964755,8.881298364419884,3.2454050318430783
19.646686040123786,5.638299849184968,3.6318574313652046
17.87920002012394,7.461053630213842,3.7200400321828413
17.422537527691507,6.091395932415889,4.555188943694959
15.422058193303938,4.718269742225894,5.676065141577987
17.659826489646886,8.234444005394169,3.8712590796184765
18.930133472418007,7.711604100103795,3.367768439736035
18.74903665112912,5.422762251487659,4.157836526232318
17.514575823117106,10.765859082797137,3.2070588206963
17.968958650792736,4.779131573207012,4.550282185751589
19.11542516061013,6.345854861904769,3.649094991351615
19.052011847343188,6.06831034072461,3.8351245348000935
17.715242275505467,9.518117317780034,3.45759333659729
19.385316881573758,8.340228333241138,2.990930293326931
18.895114308676213,6.680912860979425,3.721785571258885
18.07893243546989,7.531160585376299,3.835163118924627
17.70510024431847,5.838352511842551,4.448022726460675
17.601944764389817,4.281919578644452,5.007020930417974
17.04981510577556,7.129773689089396,4.510974820174968
16.99164402307846,7.9067813436390875,4.26521162713062
17.67141604442975,9.076474222450965,3.5752100347862825
17.92727204256641,8.922451658127281,3.619418802544488
17.385233110609953,6.842276983536128,4.407529041703581
19.699604111335344,5.465149041816553,3.6739896609230063
15.622073149501597,6.900724344382479,5.044994041653647
16.87042746672799,5.570741723757514,4.916341743329161
16.36400996520505,5.435002234938699,5.127097829702473
17.953764088985327,9.995129578780572,3.2064724463049625
16.21448937964487,7.382813292889097,4.740342936400252
17.31301029969828,6.779104519310645,4.384231994005125
16.81201812108688,5.8445358438548345,4.827970494945606
19.10498634989343,7.509267552475911,3.438240113938795
16.994863332966744,5.14019820152037,4.8493092964542495
18.788123875473374,6.1897059753079855,3.902294142552999
18.19146552447016,5.4574308340934365,4.199072498296433
19.165973304502096,6.848548454338171,3.5267937559098272
17.847303876902412,6.294166823578001,4.199846551815661
16.245482774764003,6.36039602757782,5.0439197173669115
14.671858138603092,9.106167855174622,4.98152909090782
18.05457894206754,7.624371229062118,3.8239569668925437
19.42259496591809,6.153223585573562,3.4993062248771767
16.83602366463321,8.191585649908106,4.174523301249011
17.95429523135555,6.069930386487556,4.284965535933987
18.495902611031482,6.1453971650771075,4.0395254519158055
17.46534258803958,6.408870219957967,4.605614078489541
19.095086234050594,5.752986655582928,3.8428773870797865
17.323336940222845,6.227668894729229,4.587103827512451
17.0605262756294,4.930917661335823,4.884563478236486
17.96673987173298,7.251687858550444,3.8573245675571735
17.361390875455005,6.7894889869952575,4.328032172905733
16.96174135076882,5.151703590458586,4.895496445648888
18.285725177273903,7.5649056192280035,3.817187900736074
17.17054217686476,6.141278304891363,4.586708548155568
17.629615783768404,7.3594319560286845,4.169071679982129
19.53412371331814,7.165221366803127,3.3464473889053554
19.569801248860642,6.185219607758389,3.4947617507770703
18.732583300585095,8.277326972743538,3.3519969243495935
18.785198471842193,4.611866089539738,4.273748484085947
18.153308185104144,7.529847363081911,3.8234030356942945
16.636542857224505,6.851228709843693,4.704184289128809
16.86121231367917,6.404950955241892,4.678656785781792
18.774625962410163,5.634248878482236,4.042343635509376
18.761957039439274,6.085944745815271,4.009880715877972
17.706682696205405,7.29607766548507,4.104855240940487
17.756688413555562,5.392742253501835,4.5663451862948286
18.852540242875097,7.8254177162307945,3.392118360480217
17.619407204963153,7.924059710291944,3.8592305853585773
18.122358302623443,4.55131582151803,4.53083904706937
19.283939592790773,8.447507755279002,3.0388581020344363
19.89396613354618,8.623921688990146,2.5938236868353037
19.749960900129302,7.643081229527414,2.964876991002741
18.823566656201905,6.233348954069742,3.911685525705722
16.722505176870122,6.2511116706637555,4.922873470995675
18.512007989496812,8.225218262474273,3.320599279998585
18.72658894929238,5.966344634044769,4.051763056158199
18.940024533817567,8.248576913133505,3.2151209246985935
19.832265710975637,6.134933018408438,3.382795606562736
19.32580147730409,7.62846843768545,3.2096411022731397
15.985047790380163,8.874530269960612,4.5032968743386235
18.46165994744673,7.729789079570463,3.4808891938338196
17.252549228240305,7.511739024841906,4.239762506908943
19.073298537983504,8.998441312234528,2.902175760727019
17.72315846967764,7.388897617529519,4.062627142977884
17.57600587203957,7.931772410117088,4.051167506805279
20.238439867457,8.42342840020399,2.5813067585504053
17.26568674925665,5.432839155730345,4.786229563893052
15.628605519392362,6.607385846916101,5.231354034731117
19.369818050236425,7.5684679892899105,3.1586701936572315
17.9537382189959,5.289090512583186,4.583630454088519
19.482178902344288,9.054451890932775,2.8782409563789564
17.497937331643826,6.715118257407216,4.356723182083739
17.022937801969682,6.494344566602921,4.593172086542717
17.77099606795829,10.061542543212166,3.252660711517374
18.314848777101904,9.032246292959952,3.2659676541981115
19.18178182811092,9.1325180646865,2.9966784903387795
17.240216208153534,8.911918751888232,3.934773976631445
16.766815746301376,6.482204255387048,4.705709078706817
20.623948701620172,8.168386708372358,2.3637762655920493
15.13601124032152,8.35412805622289,4.7698922764947955
16.58560586756022,9.101459384053165,4.017016062782118
18.71787021871923,7.975294705988579,3.396858876911999
17.550121345179225,7.096164695110661,4.277821634224894
16.95341133954674,8.590390299703328,4.013296338568076
18.72318475648523,7.952798402707958,3.4436817737921057
17.485300510708853,7.9441630298038355,4.073535260538855
16.21588794366362,6.480665976871061,4.9743093493703325
19.22879645708971,6.657286782421024,3.513320712208011
19.36095583789902,8.102429100522976,2.98476776293793
16.607752830275572,6.804365952837456,4.615369943644552
17.4424535712171,7.144251582708406,4.247761653997902
16.77911678061824,7.1188535275626394,4.519748861246869
19.206041452596047,9.041367945653139,2.901825599417588
18.68787877016457,7.57851212416351,3.5229442275518985
20.339625669145544,6.131350657994696,3.195043077646464
18.735296197569532,5.330023820994399,4.0544652720805425
18.252998295712995,7.647775249481255,3.6861002374513796
16.796522787469495,6.806387044937016,4.738294140968154
17.443588853879405,7.383325698002279,4.100304475679673
17.761118728431764,6.177535321081603,4.312262411439852
18.65897098054078,7.587193877706727,3.497106341743946
18.11581970966427,7.8165124181374726,3.7574261963991296
17.823400661981285,6.827431881452589,4.19768268839551
16.74783636835639,8.395560659079981,4.1712372660537715
17.207186295283833,5.834182114459464,4.650745485581366
18.68282834019634,4.2807825397236545,4.3948704103102525
19.595876190801462,6.655615522584509,3.389544570524517
16.490550885386696,8.205098469720877,4.325094089974572
19.58033257277141,6.936330507382178,3.259734139898253
18.51471361748497,10.225238049502085,2.7343298111292578
18.790305429135405,7.886822794006928,3.3019258045399704
17.649215274411766,5.833081627694667,4.468066497135629
18.80516514250736,8.208316790525929,3.3638692027448616
15.973263325568755,6.312508631085606,5.143136468333119
17.90892611147898,6.323006574884315,4.149151353090697
17.961241519718026,6.879090840910195,3.9551147545939687
20.59039716342401,7.943152001773434,2.559190799784281
17.31479619932055,6.258438835083708,4.403893849061766
16.995386092275613,6.421639548269913,4.693002828659854
17.69495802348287,7.048758222711301,4.132507917322812
16.117747119447085,7.1555836095096055,4.720422971468475
18.56720367701089,8.320521275261065,3.31709259850768
17.048151281705962,5.947955280970832,4.673908660541407
15.597665548091664,6.779152150280701,5.11907516369927
19.331426935029253,5.430012859897028,3.703587162998779
18.168283423384498,6.10696518713693,4.102308763439632
17.603430026238172,10.172972275050505,3.285193622928305
17.55072823529968,8.713923988172526,3.6994847626219545
17.369040251314537,7.574073497772967,4.2148044415930075
16.4269539454358,6.1519384315932575,4.963216597739537
18.119888493017285,8.178433577254914,3.5605109269642994
15.710841005439397,6.943511887261981,5.0523894426643015
16.694437049463108,5.463701444287534,4.957140846960742
18.42582759346694,8.525153016919372,3.372939021848339
18.037756786824882,7.484463201883815,3.9120328511303546
18.3346877759295,8.193730719934663,3.5417045986281686
19.44867208112005,6.619515185146353,3.586886971376323
17.696982564830435,8.511244058428456,3.7601654797625192
17.73919663184933,6.149602375406876,4.286901142214298
15.52038071505184,7.048872671874985,5.190174231718715
18.497862349343933,7.749038326319833,3.6418608731978157
17.124426540426633,6.374323985496918,4.647875464419497
17.31854345130085,6.356829311038795,4.413755925371328
18.38794537641303,6.051811876133094,4.064878588656601
17.0008868883655,7.704943706451836,4.350405115680369
15.76395056788536,7.852635973708076,4.691839924705091
17.21174798438935,5.400019231979597,4.760566963985993
17.90859671191568,6.036225187490304,4.203964033489031
17.068346223191426,4.187732804916831,5.122959173177607
20.312839758893265,6.429885137263536,3.013197589783352
17.29427601228573,5.053520171331849,4.93447248658279
17.09621700353709,5.894420319851965,4.699355727237219
16.906535424025886,7.758750301411324,4.243869272449997
16.545557142282565,6.780979431543081,4.661804556651814
19.326965039672537,8.49768429640527,2.9930992944460657
17.544832610212456,5.324834778116416,4.659746667681157
17.012033749778503,8.084098499229695,4.257895556351289
18.17092541488467,6.8449537286948186,3.996507119566606
17.82557911300314,5.2911015640311465,4.4421212529781755
16.830463235096698,8.532117562759419,4.087415425055181
16.843066590008842,7.517083888241674,4.469717808732666
18.409412596613244,7.892378076139615,3.528573284310239
19.137087976017952,7.572468783407899,3.437822624803153
21.320968983051976,8.118749382040079,2.087124743313119
18.167062483417848,8.944312266501164,3.439612312340601
18.703203087502747,5.95854932662446,3.8953749212641715
19.90100670948547,5.394201770047826,3.516173480950564
17.003584783100873,9.34984015383024,3.9052817819847223
17.69687514718185,8.18933537590997,3.8124085413693347
19.57879998965421,6.980766274605017,3.3294585005405297
18.350015816023927,4.326620371849818,4.5878684617038745
17.094206776961617,7.5697696654813935,4.317763211744471
18.470992719602666,5.545926650586549,4.111843078600006
16.801078296741057,8.192784963374306,4.219849989873977
17.30962214997993,7.3085509456703885,4.265713982397111
17.94232236043604,8.39748581133755,3.5937354547580904
17.79956086717864,7.661126788518877,4.026212231456588
18.233507205380334,8.023277128170598,3.564256965053626
16.80393028966236,7.052275008477786,4.519389674319787
17.90625988522725,5.592329484986132,4.352829294966478
17.621633356036497,6.555422130495341,4.148699415461002
17.248346317957427,7.512772140943886,4.332675380149938
17.624856081662035,7.813081858386449,3.9415127759729396
20.538453689263154,8.789215512295556,2.313726612759157
18.493794257641962,6.611229340909679,3.862199882755253
17.220300054065813,6.0900243896122905,4.7019734174428365
18.20362521655188,6.312957276208133,4.024485017626771
15.895061990233376,7.6721341870077,4.840489286798341
18.677665141573666,7.283288444722445,3.5813105131959233
17.26799324763689,5.108324074933614,4.806216696769985
17.246161591141615,7.599516334781941,4.226701193440481
17.768851531267934,7.417009400760878,4.0623310412397515
18.272890987331213,7.16208066660262,3.7951498923657323
18.42795788642697,5.791502218769619,4.073961154221862
17.519291116955326,6.912721039697362,4.166462722207233
16.1213219853695,6.076606115503904,5.192928584257816
17.201229445956645,6.74682291544161,4.39869406758644
18.455510760726746,5.824231363385499,3.978898084710089
16.458895789609542,8.669673784612389,4.361297655612489
18.81275446220675,4.6744166144387105,4.154788491026246
20.122863945929925,6.843628607681493,3.112034078490679
17.8608688449142,9.370606938607622,3.4404605470199536
16.579478102639126,4.773223472303073,5.275199789923029
18.80534278519015,7.112047929111325,3.5572343805931497
19.54673749481215,7.044001821885022,3.296849096138199
15.166714844461364,7.806785368474108,4.981853405214681
17.6633489040576,6.629912610844714,4.295263930184176
17.403346493429694,7.229209100988391,4.320705096257272
17.518010019353962,6.883989457310747,4.31449338544735
17.318229748343388,6.908644739588342,4.202782317867314
16.446672935256945,5.420553671705716,5.0763302132981485
17.893248067244805,8.817655051242461,3.548657420814674
19.02553897013721,7.996920615892365,3.2906141294602733
17.833990700178674,5.865510624672861,4.374193892706521
18.96337247816075,4.1312278254892325,4.290536463798877
19.130030962646593,7.082374415768912,3.4951358762310227
17.41373074825487,6.536393942944241,4.475164126733499
16.98385162283096,7.864520633261829,4.222617765182732
17.207974245559384,7.046502654211274,4.403869941944894
18.690959765643907,7.5298710446956445,3.3622785249791307
19.69711647062583,6.935085311346328,3.1677757706680145
20.477118339124004,4.288015842423034,3.5592043907976723
15.988031489018526,6.176771208754072,5.119409913418567
17.71277826502401,4.785183676386828,4.750268020390182
18.844882209863346,7.41481681361706,3.5663991957831422
17.19055804277298,5.727195720875546,4.751008881846728
19.161993645272325,5.460272190510558,3.8329706705778834
17.985006928137096,6.056091065925602,4.156727096390529
15.868620239356472,8.31130600263267,4.67278816844221
16.312205899752996,5.085385531717201,5.170463173675773
17.749205534217264,7.4687585829962195,4.034722788274378
19.95084173680117,6.533783606022383,3.2090041370459126
15.677271844106167,8.59739009899646,4.5666615267261
19.315066977237894,5.687138350782871,3.7630764006899393
16.04694331006876,8.407828840016297,4.526202156185404
20.439285694725672,6.033240076543897,3.1275472010267853
14.933180148589784,4.754108548402709,6.01732515101992
17.44510270451029,10.348367389410086,3.3865449110193024
19.108796490095898,6.906537742326348,3.5745751076314978
17.19497321022314,6.540799465799206,4.529848442665917
17.227566921581925,6.933312576428144,4.444459374451684
19.13364098952562,7.019263161660579,3.4668913927060987
19.487307326380606,5.912546573766099,3.7133980409644654
18.22223470581854,3.7820605189241663,4.7998949724172615
18.609649211759923,9.733712882153783,2.9467689633183256
17.998530380364148,6.799831421909763,3.979976434806634
19.182042788610335,7.797042299587427,3.2526743613599534
16.559247608213287,6.836361669229197,4.622159492797318
18.329551522092217,9.097408194450132,3.2180581858400807
18.960230638952766,6.823834612030444,3.6189314994819566
19.590973570500516,6.882638823749928,3.2534380114062973
16.82859037100689,6.136088650266084,4.710843783198115
19.258163779243898,8.031498135805816,3.13812958222445
18.295179440744295,7.862061479343463,3.6368215982879124
17.09692391950143,9.558340377733481,3.7173130325597876
17.104214831228298,6.610138191048097,4.493768030342189
18.6452100604886,5.87714179357378,4.060855921758069
19.16668094254748,9.765565233209404,2.740587923314416
18.379975270294583,5.134345050900685,4.309727774309419
16.301014088445218,7.962703974139474,4.695962516287667
19.246091322708928,7.933080921282337,3.1856794917414377
17.867359714645122,7.26829389355794,4.0664268748143195
18.000207991021338,7.870590748961599,3.7279952042278937
17.570244970175228,6.628115689752123,4.2060857774711335
20.240532334628192,6.094632753676597,3.151705884601083
18.7530375270744,4.517085225704244,4.299665464343456
19.41506345698017,8.596982723848345,2.882208833707544
17.630872516651582,7.098253786684192,4.235492812151758
17.74952412857167,6.122363058437392,4.34343673500708
19.395223796737394,7.128572393986856,3.3508274239061464
19.14291751232766,5.560030265177754,3.8542032446178123
17.641015640641548,5.18709465442607,4.623441373687714
17.715332025745038,5.134341847650914,4.635282920266102
17.905368233674125,8.168732607924959,3.8466929858300785
18.23037468237061,6.585429019658161,3.9523644145038395
17.31192524155014,7.263220602799262,4.300142340231727
19.21672748152347,7.825371020554144,3.1451785504576346
17.607612622113166,5.523674582051419,4.546771242127096
17.943236864929172,5.924250735914949,4.315339203658522
18.604110637419932,6.034186285254617,4.001773741675102
17.43731902317648,7.551045945110063,4.213541196328654
18.824800416970493,6.40233667258947,3.7751247151421174
18.359370925997368,6.306126201713554,3.962468834955366
18.056867237600912,6.888997818455877,4.047706965006333
19.285224046472813,5.9967971818231804,3.649427323842857
17.9312156084192,5.955916124662483,4.328403750480529
18.27256802272455,5.582928749233203,4.246325176892948
18.516081239928898,7.026804762264563,3.621571411413513
17.562245287451415,5.941149037441112,4.521568859505505
18.18408414597704,5.136688166614063,4.454711967913084
18.07293713794004,6.505288521480453,4.162103193056869
16.5856334440797,7.726158309837348,4.582497392740972
19.29672559121618,9.563714862107508,2.6299268038814407
16.410073389120644,6.9680018987763575,4.779957539650351
18.19086756040663,8.32530534277202,3.583662370330878
17.610750654836856,8.376077209166239,3.7822802757905603
18.134734649026875,5.114832514306407,4.470755055073708
18.347705982618482,7.968024164735016,3.613107947867282
17.14871709229583,5.710000407963157,4.657582251201598
17.115597792297923,3.529157822274035,5.358111722249392
19.18648077699295,7.130369881173421,3.3531257468102798
18.530790558188297,3.9647458531038953,4.524743623963142
16.65245938647696,8.502406138317454,4.099842831774818
18.610942080445128,5.550357408830445,4.074080672102671
17.54334285602809,9.81510050338553,3.4418190203387766
19.117119072066377,7.922829813703075,3.272381344644421
18.640445403842342,5.896686711462127,3.999714056439667
16.915677279450275,6.605822858097016,4.502963398916799
17.981928124538733,5.189071734482116,4.5532289394310395
17.1491814786913,6.873866766249203,4.419765176979584
18.198408588713967,6.459842906691625,4.086380856575517
17.311632656500528,6.917689467795978,4.406583190065789
19.13691682395473,6.548008278357679,3.691712598374035
17.512195739035075,8.254252022116646,4.022613284172972
17.689513867174885,7.730433906405512,3.942751794823013
18.52889883131956,5.504802154641062,4.17768882984081
14.383775396638885,7.110874285779136,5.5713406985958995
18.246977496566764,8.95007704978855,3.434337561725851
15.180304761393641,7.733318174497231,5.028147535507251
15.907835262618278,7.302056949424863,4.764828338115814
17.91768244887084,6.284484918647739,4.286725978276028
17.357167443899332,4.592846741234165,4.908419336070289
18.165573086542945,6.188820566095756,4.194031704586012
19.64648402815272,5.220061836962507,3.7432337910723366
19.044398457352052,7.222019396918474,3.345855609213675
18.077535286166395,7.931813094851585,3.5288435148141963
16.38050660112032,8.017333961638332,4.402150699694811
19.344439921288703,7.552150336763992,3.23034047860465
17.24391506410261,7.968583965867155,4.00691842811531
19.284089140859592,6.1283688095177276,3.5949893374196185
18.66967098517716,6.769343233293434,3.6525468178236395
18.372702911302714,6.474449587634296,3.9800774812210165
17.386351901032306,6.797333199648088,4.344742010271494
17.356151273361714,6.993180182626869,4.267204614629279
16.379145236189323,6.369869307807477,5.014787843418954
17.392502754913785,7.8637122970991635,4.151343143727259
17.188035694418723,6.028590443702789,4.675247940591916
18.032406045340867,8.206500808602998,3.538597677846484
16.169145888813716,7.767863149122402,4.566447466559523
18.57244059762602,6.718375603453751,3.838246982264587
17.45918957713493,8.081811177205777,3.917207905909744
20.24810009068391,6.5149315217177595,3.0560959219913717
16.68803058392851,5.481828571321426,5.076276856402474
18.398465826713707,6.4433226202870975,3.9997110321628133
18.53615997635207,8.033712249262656,3.563639359749998
15.92499551783849,5.740008452590976,5.269897868354409
18.084544211788703,7.576369472023572,3.8997012469734584
15.762933102060071,4.992045341991752,5.537248440276075
15.907889152571638,6.837510191673694,5.11442414258696
17.618180904469124,7.308244422301505,4.1012482869700335
15.80139359214649,5.869804273163911,5.262933115615422
17.734048398334615,5.622136116084947,4.38205879306294
17.15396383809675,5.2957187238750905,4.828796922576025
19.4886369920418,8.541524155534571,2.8793883536296816
17.025509957224454,7.904265164849873,4.266833601772177
17.891066654446053,7.930645347942798,3.7930610239284066
18.39134816675834,6.395601742104168,3.951622660031498
17.661289201724273,6.712658063601926,4.307281152239337
15.975442425519958,5.837889436714585,5.23416897705506
17.858934390134444,6.629366811639441,4.1256103227782654
18.567482473641707,5.491859471547008,4.181228673389461
18.343985082896065,8.069652274246401,3.520208368014951
20.742910486922078,6.9880684207961865,2.7779314964981783
18.026130199922193,9.19812442001072,3.3571374837470063
18.925629111830524,7.694348644313321,3.3697987956880073
18.14960881716087,5.996617071702718,4.210462493620721
16.433288690604307,6.300258012254084,4.887868411590054
19.86773837381053,6.962254646597082,3.144361013505665
16.190123351812147,8.734202778933597,4.427971581886362
17.493943137707266,4.646076879735637,4.894241219042461
18.763265186029937,7.06338742297806,3.66228380590987
17.38599851035417,8.617053485317216,3.8069324754086176
17.31414039843542,7.557644383032353,4.225913090063367
15.348058672479734,8.448707484865185,4.884608476617053
17.780431473687056,5.942088101379911,4.454048596890132
17.27537837372539,5.243185756960308,4.757763804185271
20.002507936258407,6.921774281911218,3.0820027283410902
18.184668344819443,6.429273702037271,4.1108293141606165
18.604676312413396,6.236294164149921,3.8836073371396087
19.460880557064797,8.68911258973694,2.854666396132047
20.264070343992067,6.639725643610956,3.1794047823148506
16.525738232343695,8.57396238246612,4.392914690608792
19.59266237823062,6.226302962442947,3.5546179537413183
21.82657211378287,6.874424691190618,2.3256922779531206
20.20692177609748,8.164166660823463,2.596170391946126
19.17868835490507,7.670366139956792,3.309113634338291
19.52776676563605,6.890338990174455,3.2975685727045025
15.620499933786608,5.313839652989881,5.48247932017949
18.202807921995532,7.042297208566125,3.860093954836658
17.901408872304103,6.868966733439503,4.088703252534499
17.402744561449907,7.511823657143969,4.1018980065926485
18.230437237726687,8.270655283833067,3.5146732411785777
15.419644974197874,4.516765852975795,5.915421352354861
18.835349876363534,5.598780269957675,3.999189512693986
18.733303500024096,6.944993101246703,3.6910991965962796
17.037997122267157,6.913020826109224,4.476421004692705
19.816739346822914,3.650767078770963,4.0119567749735525
19.9038567015479,7.0540000407348025,3.0106472891759575
17.643387853991445,7.660854593013426,4.008842139860345
17.93049961270659,5.551094152986425,4.386670335983305
17.153623128201144,7.96485967057342,3.9960328213998375
17.617625828049174,8.48570946070629,3.751467709471269
19.228439087157266,6.183010895169821,3.5761812367977215
18.05293832157942,8.205687000551325,3.6993368953798362
16.80191217853582,7.907506520335446,4.3466317210027094
17.630579729438228,6.6514229582076165,4.2984599572715005
18.337877363569554,4.996902688149271,4.336067174478253
17.049390329082375,7.5042107244559695,4.354597819683221
17.45557812367151,7.656527340790468,4.097587566825079
17.92702469612464,8.368236139604056,3.638562511768175
17.174396971645827,7.343619224626801,4.2591913970079665
21.414887071283363,5.520773961671351,2.876621710498087
16.51245773963075,6.476546950655845,4.797110189886528
15.667225683706434,7.322067619142382,5.014390552171428
17.505445369530044,7.181912181416357,4.250530184906213
17.238269484506873,5.942872568956948,4.766470267928547
17.78505606062787,8.43738178621555,3.82686331924068
17.935172200502564,7.773957089646254,3.883535694183757
17.442581558310703,7.7392559828552585,3.957157903691663
18.17666774842811,7.381372639905323,3.768912433636719
19.95124296210384,8.802169307268139,2.5753399259159506
18.820235460678443,5.80673275705724,4.053055151886653
17.758881654196017,3.7828073948422567,4.927792308213803
19.55917116599691,6.309436028308826,3.4897040092073137
19.089256256946776,6.223466648218517,3.7109630966295803
15.838467158558805,7.5780955521282065,4.782055647223936
16.65779165030655,6.3868299785634,4.812115480036352
18.410171917388737,6.078737295266908,4.084510889802946
18.481629440177276,6.927790314542018,3.7109068659927975
17.622882325350723,6.514363271443905,4.388227585118752
20.022691830716767,9.305862563144231,2.3023305164623085
17.362071686086942,5.931328533604654,4.542100440947128
16.754579751408738,6.624860593352379,4.743554536891625
16.690728979718614,4.324162538836994,5.243446238952017
17.802166132341146,7.520988948095949,3.9755719592839878
15.881055672454174,5.257715879443334,5.360714129069063
17.97160458262466,6.194196391368445,4.223155474526906
17.487001006279694,6.841733152769195,4.122572938776126
17.894156347271952,5.962416829962022,4.270234899833831
18.992969030076896,8.960753443473275,2.908790676099197
18.90194261829428,7.920218009794158,3.307958282090001
19.30189372525712,8.156290404652625,3.058464786706325
17.294003150075334,6.091628317243973,4.524941045871554
18.07709136327282,8.692516094681535,3.5642069287621068
18.110883715756856,7.657046946010142,3.711899012912436
17.938355781260867,8.233264274477852,3.740617198530101
19.403708886571525,7.710891114878486,3.270034951760209
18.73833836493554,5.144377765065126,4.165763036581172
17.29888275050303,6.780425890515445,4.3252346264008334
17.747017510889343,8.438993963122927,3.64578780879281
16.401854095438832,3.96621563463575,5.506211865702478
17.479522720414185,9.660881728042426,3.5745825494740795
17.37355972731,8.250840352636471,3.9648434740452116
15.195130226444663,8.767517227875187,4.888016148577708
18.355668136812923,7.129447778719103,3.8529785644932297
18.454500840664437,5.1430049592301215,4.297681568853313
18.583689171786784,6.104961665178944,4.002240210844257
19.26981125067572,7.911890570865458,3.2934513604919684
18.284348210446183,8.835334402624234,3.4719335198940198
21.800043191814833,8.645118324676837,1.7781127063038178
16.603649870382398,7.817713907487946,4.494397285796461
17.885360446077176,6.0888570102788835,4.337572125024399
17.989755291762517,6.25777127192764,4.281349285312583
18.55847503343805,5.10997894480391,4.2945265073135515
18.0507013470355,6.819540331069662,3.958675278217495
18.166801072002944,7.426546196671261,3.6980195087585064
18.121762171551197,6.88651411053459,4.013055727094081
18.323337880811486,8.517743990892255,3.572284067260214
18.462412609473624,6.321900964113118,3.9151445988618137
18.731621384111747,5.993500757493113,3.9186413263900466
17.06696750624135,6.685697432246662,4.445936333886959
16.98593895203597,5.203645997109579,5.031992889644374
16.835004473815108,5.295261648048086,4.840253991764285
16.158987112785198,6.324166940654733,4.879874133014636
19.827025262316113,7.814352965368807,2.9608837764141445
19.407147009212093,7.453036556684076,3.221187291544218
17.465781243598887,9.423555336921295,3.5640672867470338
18.77554951130467,4.462468155189296,4.301652989079151
18.24844244853526,3.858620996013739,4.76488279341412
16.755155296185315,6.785503268281786,4.605851744152271
17.825390692274787,7.347392927423953,3.9129364043708774
18.154365472733875,7.631883462761327,3.695765451757219
18.720798359234493,8.157322749649547,3.4159776425193065
18.118108106037425,7.340903403496348,3.8180752157378763
19.06546752397006,8.924504538130869,2.895680450577091
16.45776933653113,7.658805662906723,4.5442119114353785
17.90288533044505,5.687609241446481,4.431679376797702
17.23344772120105,4.97458010014341,4.989167282894627
15.618211774296073,7.189199158119072,5.066922387771341
18.0944599024209,7.287914475900404,3.834066465024347
15.1673206104004,7.48806644672169,5.212898554134835
18.666744807714256,8.018001007857412,3.4674435946520634
17.382917269068145,9.54710653065157,3.5992598747183506
18.36492979603644,3.155574932161259,4.860113654520708
18.34316976463631,8.102007484774077,3.562937402124628
18.36506523178566,3.3526303925817387,4.805427738317524
17.35468844052331,8.034983899586601,4.037966471857629
19.947627961319938,7.578102581226361,2.873398564188374
17.712581117619393,7.249601642063034,3.98778562040765
17.537819953836014,5.324656348037159,4.606898674259926
18.889196168610415,5.554453681264118,4.020054642737219
19.548147618151823,5.610929036311756,3.67367173374363
18.454671668927407,6.460497117806664,4.005099457919071
16.05947362226513,7.937026999932238,4.634288855439861
18.215460825737868,6.659431564543185,3.913834999241659
17.192318097775512,7.880276395445817,4.21555757321014
17.363465860478208,5.569900476105485,4.67741541419619
16.97584296078834,7.330554575882934,4.47283557838122
20.79793742355528,7.524982973715512,2.6041619396001208
18.253575245078018,6.31648795199545,4.215032164790965
16.746892403502777,7.125851367773576,4.53150776031997
18.813325878107708,8.144036930244717,3.3775424845974076
16.639047019351548,4.008095397234719,5.494100934013099
19.116321533377036,8.062039460722835,3.1601776060245084
16.430797540801215,7.044799792170818,4.702854255179319
17.747619987269466,7.3685034133425535,3.9184534414535652
17.9714994635349,7.118567973582729,3.875962551357627
17.873546212386728,8.520272917414632,3.659013658193675
17.25062575575474,7.099682084493786,4.3742035482303026
17.40315840082535,6.371770373607113,4.488451642114449
17.138579801359136,9.541759500315571,3.7396237990941126
16.72325835943181,4.24983943794795,5.388275609250007
17.7066333847451,7.202474640487864,4.041352857330128
17.889378566960225,5.010935753892294,4.566689154045697
17.42279340558368,6.234889435794576,4.5228798994816195
17.508953004559583,10.39185754117442,3.3462281754736587
18.641459913840713,6.512088244254316,3.8196592344699383
19.32937678827664,6.479239564928482,3.6141279239433795
15.901102517519238,5.602470063520604,5.259170407745873
17.723113193909047,6.0530378419539055,4.347149395608994
18.00586693316371,7.286975311781607,3.9009513603362
18.271358623981065,7.389606617908731,3.8253165151960324
18.2724652427526,7.763562902832805,3.669000049387894
17.085163023808178,7.565314597562238,4.185993346443999
19.192931986417722,7.048410280674656,3.4695954783867116
19.345271099219914,6.855883709405761,3.4897752154048445
16.87605471544974,4.961263786939411,5.118104772814163
19.715383796876846,5.968581107695143,3.5247363567431456
19.831116772111915,6.931934572118216,3.042819247457123
16.366608997265352,8.924556908302591,4.178407155722231
17.0107181838757,7.098519207372711,4.464445206794964
17.545423173029512,6.064955749426562,4.457792116155811
16.075205395654354,6.554427261842376,5.046464283803402
18.981089580808156,6.129725485209039,3.693172393156345
18.98057002601065,8.090865812141379,3.248892004095741
16.190859668137566,5.153463614326573,5.238890623029533
16.641436245312907,6.812900604413668,4.546358906347944
16.815083265243004,6.037720738116207,4.82715269180151
21.128373702557916,6.20274361390428,2.822789636194694
18.698697537341598,5.712800755638695,4.03876304955708
17.22968717787337,6.779270892159013,4.413708316747143
18.208866692179186,6.488122713292742,3.934408399675084
15.626188929364037,9.239287361924294,4.566472950283266
16.80468931856091,7.172175995231138,4.504266936202538
15.711288492263613,3.8970980794949805,6.0261953525892125
19.50317035460861,6.886000287665517,3.3986906967225545
18.240500043474537,7.453184370339715,3.630510602666757
17.64003435856545,6.920557028471573,4.239395025925299
16.163123487044178,6.492336344898241,4.891821152217933
17.26300697298592,7.988127766458912,4.02429107863258
17.1325632738091,8.129320709342403,4.08140825016739
18.69272645184849,5.834773837147354,3.9856647187874192
16.409118684932054,7.7079880257287074,4.573637749892175
18.882230085617397,4.984145839242692,4.063078526532082
18.429105724285677,6.416823734952653,3.8795607893905415
16.672032730177584,5.513941220040708,5.054758429107835
18.396550660453947,7.379220670373086,3.713664227909848
18.51209009249613,5.237146216309581,4.248024381286067
18.941940227318963,6.689201025466719,3.497986174039286
18.80445267006841,4.335258586637668,4.330857709658115
17.082551709738393,6.666615351516238,4.453712239974047
16.59640751584054,7.709405386794639,4.396824486298883
17.171557453878723,5.033524917577223,4.974300579900824
18.45785521430256,6.847150634945299,3.754460959266281
19.29372952376114,5.555566460924766,3.7143550565668977
16.034537906020955,5.604933391385594,5.262121245782286
14.949774668013436,6.996545205135786,5.4439800105015195
20.205221353668023,6.472526994431664,3.0603231539219706
19.657149764185803,7.331742377245641,3.2275803608992453
18.669836984032695,6.410652118081593,3.946724760812912
18.801179739008184,7.073091395212791,3.5494039139589066
17.88524482412132,7.407463439261054,3.9270650790853567
16.483588921325893,8.456502825036587,4.258149011525244
17.64486600663813,9.136408733431589,3.476176472141924
16.58854866288386,5.624980530141924,5.043352007250755
19.163949780467284,7.30123949346314,3.4300816103629783
18.999526241056877,5.834098954099658,3.9870993836598183
18.68165071184694,6.192010641266177,3.840213218151969
16.240837371698877,7.714478383328061,4.713698484430866
17.881463899993665,6.545554159444048,4.268248165096577
17.766007261158837,5.289949841492107,4.58091993097598
18.312331490194524,7.095763242461046,3.8706445504994185
18.121413294613248,9.491924644982532,3.334191452944085
19.38812391926457,6.078490524583312,3.738976122316419
16.532198767879315,7.958882591040447,4.454747584104364
17.439361340097445,6.313357807157095,4.439857241531709
18.13726605148132,6.706628833019667,3.9562550621756882
17.81299239603034,7.839514272701756,3.8819842429762508
17.583713949038625,6.7355094852540125,4.333469189620692
18.10449390538285,6.249022688780124,4.169879012271313
18.477138918973033,7.282847328646767,3.6500462098034614
18.381813407549963,5.35874823756104,4.269897222781958
17.456176372593305,7.731293248458865,4.046694841598512
19.03468164499276,7.5895754573910414,3.38062080453967
19.741521097950308,7.8974908819193095,2.83953856355347
17.78811828720149,7.015568837065263,4.131415611768794
17.412707346772464,9.478820608798731,3.646967338632781
18.656859411091567,8.164606822538236,3.4134479474670023
18.06199471741334,5.443157371131647,4.389009649328793
16.832563993936468,5.844431944238486,4.72792065112829
15.799891077529324,7.954067586876339,4.761303838898115
20.13567782656858,7.220985245685306,3.0239305662829925
17.537874389449296,7.162185737588168,4.111909350654534
17.391177419204908,6.418472760403385,4.302662540090795
17.64184371387362,9.548085632398116,3.3769071312628722
17.137227569747715,8.002680771832146,4.15168387262177
16.86846332268011,4.207835790236347,5.298959089528198
19.964792920711922,6.242278445164464,3.3539464977191247
17.455044422184244,8.141579229010553,3.942096538376225
18.965990051281235,6.675467746258171,3.537722682110579
19.228272174461726,6.867964185179296,3.410993482540174
16.781171785709276,7.708219378894077,4.429965756631492
18.19647808684856,4.870222177797099,4.490372915660629
16.336393564323657,7.528034839005663,4.672793648211323
17.11532883622471,6.1438995606787525,4.669077731012837
17.12455036699364,6.138361829644863,4.622756768633589
16.947550706278943,5.7505185217745005,4.810949089351914
20.018298657033586,6.442933548168368,3.341367567753179
19.92304177264063,5.921224300268865,3.427378535968608
17.513594999226623,6.627511420260279,4.316482809415384
17.043743604349835,6.641774116789823,4.569962770370276
17.90563889215417,7.031883315162567,4.050303795221088
19.42697133025,7.6580430024451775,3.015755195804747
16.842461894657315,4.714611993464097,5.193807839255498
18.347280219227287,7.404449390561006,3.854530070976035
18.667100525463844,5.715492354422422,3.982854827072602
15.891074200252845,5.534465156575656,5.468951109204536
18.682043037638685,3.590053387449243,4.582181958239964
16.866459072598666,6.350155958329726,4.71932518713785
17.75091195407815,7.526965988109184,4.046706019131012
17.15335616584023,8.122885396386053,4.041573704733934
18.540596760720458,5.259006154588838,4.30164569106463
18.449703113517227,8.22196513759394,3.3810657136629794
16.528555149630776,10.08926268830994,3.792407304968111
17.521516446645744,7.893838738522155,3.9411976418208607
17.570667766954095,6.396339583051245,4.405922171341282
18.07541321716066,8.653078465698501,3.4980726455021753
18.307531779988206,7.906157879716831,3.51087631379762
16.204258585366993,9.472304531141017,4.153032497792967
16.574896532405702,6.896118316392183,4.634414867350554
16.47573681887737,3.6893659944492527,5.64439901810259
18.946364580236956,9.602186990162549,2.839806161270247
17.482893483599383,4.883047919099264,4.812610383855788
16.705044918770465,7.768558587282579,4.365697176756282
20.85059978687209,8.799241244349854,2.2265094537652317
19.862930928841696,6.296303941423863,3.3137991248850347
17.029853789591133,9.08069061016107,3.912745670145489
14.821390912215623,6.684821642637757,5.379982773047221
16.489671261427826,5.270482322667681,5.170308081583629
17.58567498376681,6.4685892398116955,4.362692191705862
17.93606549497769,8.69593632265757,3.5607275408228807
18.493331326317875,6.174739039209016,4.0386791336557355
17.381706442993305,6.211082268406457,4.54837072796923
18.10523829328166,7.2726607841635635,3.966824216772094
17.970528947622867,8.669411691544962,3.5725851380986846
18.749660656044135,4.259153323688226,4.258474164622395
17.777102720492,5.232125416679486,4.422303825583015
16.623663107675664,6.638853100083538,4.625260115484428
19.335251835288815,7.80429405621894,3.163198836739034
19.16949509185373,6.598534774755181,3.555542540133506
17.09989464379393,10.83503978675844,3.4059834920127545
18.48389289167963,8.094906760270511,3.4394280504585093
18.566794615073665,6.558918734469322,3.8058431355668967
20.51053587676818,7.323580567764609,2.788395338093126
17.375559094770818,7.744417204030484,4.133929159851369
16.857261240868745,6.656057171547237,4.604019487255598
18.702709707385278,7.580903986124662,3.516033550100394
18.76103592694148,5.461133892001287,4.088263408210375
17.87084964451107,6.656292469353816,4.186402543390469
19.609856141983936,7.948971205728634,2.9219280387910174
18.908670729210595,6.238164073601482,3.7348029390348274
17.615415216957917,5.988328322632251,4.365946245822438
18.81912192267389,5.749540864003335,3.9219243005105553
18.35029419261887,8.354137145998752,3.529527676310401
17.059899256062728,6.7814551414465365,4.531163963275639
18.627921319459755,5.973064020822563,3.9102165027244706
19.14878332555886,5.497534111765436,3.9062908666450302
16.47625715086811,8.265340747848594,4.371700287189677
18.748693595538736,5.915399916452645,3.910890599974878
17.73320135301744,4.691062156674601,4.64771641723945
17.26240235679627,6.119724056758842,4.565979062102363
16.85330347233456,6.339776135016347,4.754504717651498
18.93058764976202,8.227894827843295,3.0922245628176386
17.97651271029248,8.240570883237247,3.6508563922049664
18.812339450882945,7.437820753169545,3.659715729305061
18.740563065178584,5.773139220390478,4.032238409783499
16.04610394103152,7.025905559582715,4.915480306317277
15.089089998743239,8.082571255169444,5.007087108100114
15.605405819369908,6.922540723079537,5.0834506728119955
19.287218112872477,9.969330278865334,2.6010956546674193
14.830635245359844,5.673634327598374,5.932752924058254
17.964313111470123,7.895694014066307,3.8077392337278355
17.738029750613453,5.187045641346879,4.548683225164909
17.481341214929458,7.210947853071494,4.263616479036126
17.522760831843154,5.7947717230984175,4.524646516187747
18.391170816560738,5.005680203315943,4.469803641101951
18.268641104286147,5.073778820134694,4.354186950975356
18.14741001044569,9.546818613989268,3.1797095808654414
19.857565861569793,5.604726920656484,3.5263325757767627
16.951908002119858,6.539644557084902,4.675764730666161
20.04844371538916,6.556174099077503,3.2412255125257503
20.226732536632444,5.584403585650559,3.3597954429563854
20.312077794027967,6.575445089910779,2.976129128480128
14.882028654587852,6.218318802651336,5.61924905486647
18.33041313410407,7.188592644211862,3.6590170561315083
18.331929798555663,7.934966154871338,3.5331434383855194
15.555877045488009,6.041176826087909,5.377027138987948
17.291196717403352,8.151195075363905,4.045618555319859
20.422342206898712,8.009986790248627,2.584076268230106
17.081839197835816,7.567836564074078,4.2688275780483105
18.270630305641884,8.064172559443168,3.562019288085328
18.76148982974853,7.552360558415463,3.5502075331912355
17.545328231304037,6.189080401006649,4.367058698020543
16.705854323835336,7.920329881930906,4.409168499326939
18.071960763821224,4.626646208290072,4.737309583176193
17.332825401514853,6.757362782159316,4.406252775490179
18.150119772229704,7.2918809273562,3.8162535736440386
20.28134801472129,6.613488176137951,3.010893692945012
18.882250041544633,6.50476103606919,3.8067672255933673
18.184917724575957,7.943124094747212,3.584499858591161
15.985897942389304,6.5911905363012515,4.977475427788395
16.866429777509058,7.541326238457108,4.300322358862944
17.355624303529876,7.40658719852186,4.102211930578575
19.891144735400147,8.564989413495985,2.6330406418027987
16.013590093573228,7.978758990374903,4.71079278092375
17.514800200486295,6.586238535442985,4.410771404458787
19.046984546463058,6.3363435737960065,3.6459292449526
17.667166595661712,5.821518815885369,4.484620688257463
17.19286657539988,7.8368048447610565,4.200746702619064
17.78436552001323,6.586289018908637,4.21776429218333
16.018590872810186,5.521940946454587,5.249325636787834
16.776770137626468,7.655610160274634,4.290335569478737
17.42336198106728,6.91875164012199,4.3575895340542905
17.968881423989234,4.5495702222792005,4.706054289944967
17.83392219598906,7.022207815112499,4.11020448715934
18.782982252013177,8.729350121008109,3.09777331891543
16.36260074740021,8.85678001251254,4.275691843532226
20.067346062135275,6.617203893112429,3.1882913979146417
17.37639201281718,5.369170743299786,4.7479692676480045
18.866713205909388,7.144747179600364,3.5091050872853917
17.760022885775076,7.411157208012064,4.069624973015695
20.81465288283246,5.944341246756551,2.8761290369501546
17.100801325968035,8.251257043365033,4.143648751246833
17.22938142544185,5.45915813910008,4.844082401575225
19.94260950301801,5.731252430592936,3.5481036964072885
17.932762906735906,5.879221791010568,4.308726391160047
17.310252806415082,7.338615250983647,4.160462796617092
19.16612328826375,4.905422033931156,4.076393537101902
18.735002112615692,8.503237272555054,3.2084915718782425
18.611810461775836,5.298936969777029,4.176386830166343
18.055834956756186,5.585814656199073,4.332213519359813
17.99289328881436,7.091080042706482,3.9174482679075644
17.19612582618074,5.888190991380229,4.69257200225649
18.213434528328186,6.174029869017811,4.028188269237362
17.25164983632735,6.236782370579473,4.591730452139093
17.93374604672157,9.162249746745466,3.38436641933698
18.701411270022714,7.692069713965667,3.3715564496976387
16.469536865840624,7.898069520150264,4.464163031349127
16.25719301361146,7.54133791090473,4.69104681797384
19.00379550567603,7.802469976060381,3.3590121721037067
18.919910444599058,7.0481835353321065,3.616791402042015
19.968295687009864,6.418231310576842,3.0845944256708258
18.09258173243682,6.8702571403058,3.923558262116258
17.410651821656927,4.812947636965104,4.867323720310577
17.158270025881293,7.417212221684173,4.381127331713558
19.290452466159216,5.3805135780377,3.890583134641436
18.70779228320885,7.5826550185520505,3.6452227373929498
17.55713778759347,8.810418258041931,3.6832922347924715
18.391293665156144,5.754129255528397,4.171970927744109
19.039429151385168,7.009744400777676,3.441217976952416
20.50153963926823,8.017401370340394,2.540996653030958
14.85882968499517,7.987235030694725,5.139433187378254
19.733830894454705,8.42349472861446,2.7718311705242566
18.85860228056728,5.136369055950031,4.075985107035639
18.85339993006287,6.484638532376681,3.743379029428823
18.80335665279915,6.465572900608797,3.7729969553149076
18.301474545638932,6.839375094108136,3.940510053112971
16.658626799733597,6.593941702891771,4.739666627008198
17.963052467585435,6.113424174523865,4.231717728817471
18.567297445895985,5.601832108566569,4.0771212345997485
19.697503537624726,6.39378735191355,3.3558210744294867
18.15613541816855,7.388312108249091,3.792890659841705
19.248887626756492,9.598288509039698,2.757540627415029
17.210380758730327,9.622578029486544,3.7204411736651615
17.64110804345443,6.493445626311807,4.38888614777
18.27094014569937,7.295944394098511,3.7408004598691873
19.683523223723995,7.446419094446547,3.1325343755119457
18.303208788321086,6.8091970261800645,3.8159108442756855
18.427309852265736,6.629571962270268,3.9269805302921483
18.443072545617966,6.825244444084561,3.9154328815298514
19.498099303835705,7.349754129355249,3.2022241069512662
16.97533865239115,6.401454806576987,4.708161484287851
17.93351791227903,6.512884640901081,4.084078185205455
18.458420680722927,7.39392302490235,3.621493720129916
19.96732882720532,6.201280853426301,3.2942205869632466
17.6470344541993,7.623078903422971,4.065725901083949
17.26791900118559,6.896605149416255,4.338341504995899
19.425698435553826,7.547588491467149,3.161949885381203
18.169236220003732,10.109943707117491,3.019210238927206
19.66524524816192,6.550860734375567,3.3632966473901043
17.942196000069394,6.780567540734384,4.170521083676001
18.735632789479933,7.697198829970018,3.5198690742755168
19.08332428433373,5.501374273810307,3.9481188353384598
17.36512490637425,6.261839876032397,4.478070851888323
16.225703914090477,8.17738309741015,4.46715588304962
16.459169031299446,4.081734477649647,5.543051666134645
17.818881781117696,5.358950718143535,4.52227494293413
17.32825814505152,6.898254737951314,4.326551632862119
17.132461825227917,5.5259135844563065,4.858597582683913
17.37172054941154,5.827062491886952,4.592368555017234
18.172814508657623,6.198455291279373,4.078158157235592
15.59040124078279,6.0799088223099265,5.424661035561553
17.291277519885995,6.841262088172149,4.376284710181193
18.219002946113687,6.012687781643086,4.093084380003255
18.10024005078861,6.9406428315444035,3.8937816903967275
19.441011451552953,7.830743068927489,3.1161988298026686
18.79228814216828,6.821776945099412,3.8400495735184013
18.672134639538772,6.586789944317193,3.772970921146547
19.23449932652418,6.345143224051504,3.581291870514644
17.355873907380747,7.807350059312566,4.185209202494531
17.717504097438688,5.632479625773278,4.494055873845474
17.31932420772008,7.220800334560213,4.157333701325187
18.839560323117723,6.88142007947826,3.5360413401676674
17.304082675077524,5.3986318210116835,4.835650963292445
19.25773780762386,7.526781275610149,3.3215248279935907
17.890571155901572,8.741768462807654,3.6392721879874417
17.894773533735925,6.104855112401553,4.285118088164151
18.60712587605788,6.219193517240701,3.879040765108196
19.20493876388234,4.879305069537965,3.996625935520154
18.11781266682426,7.992913370966174,3.68813245270824
18.108939288808145,5.288866045856429,4.351900647555993
17.902179392752277,6.741208761638303,4.152983764694985
17.988641633563315,5.661821278772183,4.2788053633235785
17.023940957462496,7.6971041575097745,4.242164363767143
16.39349675618182,5.298255880834949,5.186883305943829
18.27923566377951,8.81873118761077,3.3353901540157844
18.034638466200356,5.44286932364013,4.25191635742151
17.55812041119256,7.3896163452689,4.130489989171815
16.06695517765322,7.900473959370581,4.601911129231921
18.463508397173932,5.580502977408075,4.256690896880831
17.30047616977499,6.08924133500426,4.545156919096092
20.24938156713175,6.958701194746416,2.932668552115276
16.23800764945763,7.3388465971352295,4.73114828444824
18.59776185133505,7.058937265179554,3.779073977344341
16.706948166397616,6.596761256905012,4.668665314392219
19.453292729742024,5.107800421860803,3.9041164416140792
16.42848207901449,8.77576042433142,4.348964740624485
18.93280078427745,7.844659342696687,3.408692376604526
17.36864663304895,7.189062310413278,4.352275695689282
17.055541383808745,5.483016187340878,4.932573452492692
19.454186325896327,9.149483658544291,2.8526510957054647
15.784393798558998,7.172975894715988,5.0886792286785
18.84011289929483,4.11732577936597,4.399069574693855
19.170723534057565,10.182110347782546,2.5743701418986413
16.76028312552325,7.11654267888276,4.388807502774327
17.157386206572927,5.278254543789652,4.762399733775135
17.7191133487541,6.127163439025492,4.3338914396402854
18.35134442945059,7.321540411083648,3.7250057098436877
19.388828960527874,6.389443931668417,3.51042240119751
17.44535834136473,6.030924366201579,4.448893107214671
18.47427605227498,9.421362410979235,3.0217129181322644
17.624879294822794,6.44391542535132,4.314132075207096
17.59797962091353,5.4498998660128315,4.589427271388736
19.045042229031154,7.764442145661937,3.2559020099955127
19.03876655540916,8.331298822722767,3.111072326576309
16.191908880066176,6.893278471043661,4.801907868582257
19.364406041748236,3.9745629187295295,4.1534783941731686
18.530296488348473,8.201151922906849,3.373692327533062
17.19490221940542,4.439967338874912,5.145844088053824
15.778334936431108,6.572543828838226,5.159905052857895
18.47507808548106,8.137378234775378,3.4084875202097766
16.40934815614238,7.9332010759707545,4.466925881209949
20.038870654118348,5.2477756975245375,3.4460038225334912
17.747565040291022,7.730340490584583,3.9896947647470875
17.653270999918174,7.032547184395124,4.246014754758066
15.829835496010428,6.459938791087699,5.235092474276312
20.421907689712725,7.3464928458369085,2.7076087243894813
18.92251226900571,8.419639141152416,3.185482323218472
18.039318445345984,7.27521589743274,3.8805765532871153
18.55791080585243,6.725753438321451,3.853534682055949
18.050603820198525,10.499234077762454,2.968520507525152
18.178283389057594,6.44386703938017,4.020755948066294
15.713894866968852,8.066815689766107,4.744048268439121
17.11182263937602,8.132355137503852,4.117694537348726
17.870207523990366,9.344639640437917,3.4778631349911535
18.32426157056928,9.206019518654113,3.2352193981918123
18.9791071151219,5.99476462058617,3.8616895728422063
18.648167027005467,7.0760657730788905,3.7353900049956614
16.602919864034703,5.796499651202197,4.9555175235907845
17.081779241222794,7.079848330339063,4.318973024678273
16.121456781234194,6.897076300075643,4.817788299745357
17.923462194866147,5.534200764260714,4.469239998991335
19.855260609323285,8.349386369360621,2.7462358035157104
16.604121957648758,6.642624946555167,4.625756390629916
18.555159874174606,5.850962021311592,4.093134248214909
17.301054530554747,8.011680276995236,4.060853528549825
17.458764082479412,9.282845921914952,3.5420518076985448
17.82910098797961,7.878107621820566,3.9236499973978978
19.982571624187255,9.94759427412049,2.347552183303172
17.917481745422222,6.943699494030357,4.062767570608373
17.49746973871925,7.679775884611177,3.963471608160117
18.113648959445896,7.304237777254906,3.770260170122448
16.52106038555131,10.129509493617533,3.8237332101372825
19.28536584215425,6.891864684842554,3.3172030107609336
18.99092227122621,6.196096807416363,3.784547805268795
18.441008650854187,5.230683822103184,4.174794307117773
18.76092793051041,6.886355848838033,3.6893854888561957
21.076834474736543,7.1405196250371965,2.5179357121810453
18.439264990512783,6.11323855229846,4.083110895752997
18.96425913108058,7.15528683883943,3.4479774422953606
18.06633866635576,7.340189935943679,3.8965780071061675
18.026250960318983,8.255943815433307,3.555730888293687
18.852416887678224,5.2488532777139945,4.129566541724838
18.407322470596103,10.30664858353705,2.9158149445958506
15.39227022533857,6.749189563556087,5.308591551927799
17.974913960272023,6.4200072998951185,4.077461932630216
16.906818096449452,9.148276934485187,3.9634058652074398
17.97034170030313,7.4800941956749,3.9056787280963574
16.408217537362702,9.301193990575772,4.144015175015573
16.554395698358782,7.186398146638558,4.640620757190294
19.586663163733967,5.85698758286183,3.5589983498638182
18.01797880217702,7.044266927004044,4.064266064724247
17.797601638134807,9.51507725076096,3.4078772558312598
18.34740085202676,7.804955947665118,3.5727221701371845
18.49569719386749,7.891482089003501,3.527130460441861
16.27094373092604,7.084936952331693,4.7131502076046425
19.288232143488163,7.6303719843139355,3.202667760705366
18.107204015730638,7.268992394299154,3.8660791633047853
18.452109624513113,8.812016940516873,3.2783399469339614
19.513087336574618,9.096549591977592,2.7500640260213585
17.892114958048037,6.6608984600613255,4.2734136561864355
16.970115870080445,7.0627496975728405,4.498897256767493
17.076530341059776,6.3122405554243395,4.6852335389184905
18.750216830940104,6.282435429295875,3.810979864729007
18.919653739726275,5.8076210958301395,3.854328130285313
19.02238141708383,6.876620668209008,3.5339733247975254
17.936369684201132,6.846520194682471,4.128712184665607
17.906390474177254,6.445390336725831,4.046055837046212
19.45699177464535,7.650163815938106,3.080475596939287
18.087771710988157,5.518527312168439,4.364059164163505
19.832438297626915,6.470860127940715,3.2782985772761393
17.377821538168106,6.842253947684926,4.464363217414552
18.4697581738756,7.813320576009465,3.59458921921309
20.097801471666035,7.736237265598484,2.785886131289304
17.75697260210792,6.647941158106049,4.099689876819438
16.842333694138453,8.407897192757147,4.134897048241267
18.844315177846852,6.688577467765448,3.603958728652227
16.17679011406843,6.972749403416727,4.883318735475999
18.48060134877648,7.0614718071398,3.771917660950811
17.96751207258477,7.470743635894384,3.9104404654432288
18.186428937893332,7.570739178151456,3.901941940371915
16.398812665506668,7.703395508525245,4.490830002975302
17.883925192138015,7.212499178842531,3.9836039820848277
18.503120277732958,4.89188541244759,4.250487864558312
19.162000977776056,5.702917370539863,3.804683272769269
